dw_true,dw_pred,dw_pred_round,hit,conf,a_dist,b_dist
1.0,1.0,1.0,True,0.6857714113858568,0.0,0.0
2.0,2.0,2.0,True,0.4058932668240707,0.0,0.0
3.0,2.0,2.0,False,0.20252625825619308,0.0,0.0
4.0,3.0,3.0,False,0.16475532788480685,0.0,0.0
5.0,4.0,4.0,False,0.673888095274016,0.0,0.0
6.0,5.0,5.0,False,0.8851986961562197,0.0,0.0
1.0,1.0,1.0,True,0.7284549221480592,0.0,0.0
2.0,2.0,2.0,True,0.11112931302719753,0.0,0.0
3.0,3.0,3.0,True,0.13866249081174598,0.0,0.0
4.0,3.0,3.0,False,0.3616944229019996,0.0,0.0
5.0,4.0,4.0,False,0.5734096284862922,0.0,0.0
1.0,1.0,1.0,True,0.38509076228042427,0.0,0.0
2.0,2.0,2.0,True,0.4084493816558208,0.0,0.0
3.0,2.0,2.0,False,0.10034665182677482,0.0,0.0
4.0,3.0,3.0,False,0.3026664900542979,0.0,0.0
1.0,1.0,1.0,True,0.9792688542027514,0.0,0.0
2.0,2.0,2.0,True,0.5183653126287968,0.0,0.0
3.0,3.0,3.0,True,0.30352623062190265,0.0,0.0
1.0,1.0,1.0,True,0.4863032427184881,0.0,0.0
2.0,2.0,2.0,True,0.29049499358916986,0.0,0.0
1.0,1.0,1.0,True,0.8148074126366904,0.0,0.0
1.0,1.0,1.0,True,0.9477573484591826,0.0,0.0
2.0,2.0,2.0,True,0.9697847657586496,0.0,0.0
3.0,3.0,3.0,True,0.526424955270036,0.0,0.0
4.0,4.0,4.0,True,0.28937682217526284,0.0,0.0
5.0,4.0,4.0,False,0.3264915207955337,0.0,0.0
6.0,5.0,5.0,False,0.5365052084206638,0.0,0.0
1.0,1.0,1.0,True,0.9125590885237618,0.0,0.0
2.0,2.0,2.0,True,0.46647918428150126,0.0,0.0
3.0,3.0,3.0,True,0.23199583980521155,0.0,0.0
4.0,3.0,3.0,False,0.3808971446802536,0.0,0.0
5.0,4.0,4.0,False,0.5951776637970312,0.0,0.0
6.0,5.0,5.0,False,0.6592047786929722,0.0,0.0
1.0,1.0,1.0,True,0.5545015713239347,0.0,0.0
2.0,2.0,2.0,True,0.3432947147066252,0.0,0.0
3.0,2.0,2.0,False,0.27138679669317334,0.0,0.0
4.0,3.0,3.0,False,0.49329948099588705,0.0,0.0
5.0,4.0,4.0,False,0.5646938767452223,0.0,0.0
6.0,5.0,5.0,False,0.8766171670688827,0.0,0.0
1.0,1.0,1.0,True,0.8343204063746954,0.0,0.0
2.0,2.0,2.0,True,0.19056818314776125,0.0,0.0
3.0,2.0,2.0,False,0.02466142446163211,0.0,0.0
4.0,3.0,3.0,False,0.0998001950068419,0.0,0.0
5.0,4.0,4.0,False,0.40943898909937104,0.0,0.0
6.0,5.0,5.0,False,0.6901647813531184,0.0,0.0
1.0,1.0,1.0,True,0.3828203914050474,0.0,0.0
2.0,2.0,2.0,True,0.16514514450035955,0.0,0.0
3.0,3.0,3.0,True,0.10448595540877559,0.0,0.0
4.0,3.0,3.0,False,0.21185612810794918,0.0,0.0
5.0,4.0,4.0,False,0.8640515530433301,0.0,0.0
6.0,5.0,5.0,False,0.674284815032614,0.0,0.0
1.0,1.0,1.0,True,0.792221660069889,0.0,0.0
2.0,2.0,2.0,True,0.7155845421299185,0.0,0.0
3.0,3.0,3.0,True,0.4195343196535495,0.0,0.0
4.0,3.0,3.0,False,0.5072234678261598,0.0,0.0
5.0,4.0,4.0,False,0.6973393191686768,0.0,0.0
6.0,5.0,5.0,False,0.9945098300417268,0.0,0.0
1.0,1.0,1.0,True,0.9350816010515015,0.0,0.0
2.0,2.0,2.0,True,0.6175988940463446,0.0,0.0
3.0,2.0,2.0,False,0.29600269431240545,0.0,0.0
4.0,3.0,3.0,False,0.4807242108287024,0.0,0.0
5.0,4.0,4.0,False,0.7504204331343889,0.0,0.0
6.0,5.0,5.0,False,0.7561207972176831,0.0,0.0
1.0,1.0,1.0,True,0.6836092860131615,0.0,0.0
2.0,1.0,1.0,False,0.2396298097681573,0.0,0.0
3.0,2.0,2.0,False,0.4168194923081687,0.0,0.0
4.0,3.0,3.0,False,0.6896446766906958,0.0,0.0
5.0,4.0,4.0,False,0.6963086003124896,0.0,0.0
6.0,5.0,5.0,False,0.9199553433681125,0.0,0.0
1.0,1.0,1.0,True,0.0769844356673064,0.0,0.0
2.0,1.0,1.0,False,0.07822283544367936,0.0,0.0
3.0,2.0,2.0,False,0.3830303178349759,0.0,0.0
4.0,3.0,3.0,False,0.38508309916248873,0.0,0.0
5.0,4.0,4.0,False,0.7819320086040893,0.0,0.0
6.0,5.0,5.0,False,0.951084667679428,0.0,0.0
1.0,1.0,1.0,True,0.8779020937559283,0.0,0.0
2.0,2.0,2.0,True,0.5577690951723051,0.0,0.0
3.0,3.0,3.0,True,0.5292426434297495,0.0,0.0
4.0,4.0,4.0,True,0.1298198848209431,0.0,0.0
5.0,4.0,4.0,False,0.12387032641687767,0.0,0.0
6.0,5.0,5.0,False,0.5974006211838532,0.0,0.0
1.0,1.0,1.0,True,0.6547239765956558,0.0,0.0
2.0,2.0,2.0,True,0.6122162168253267,0.0,0.0
3.0,3.0,3.0,True,0.22400996682505614,0.0,0.0
4.0,3.0,3.0,False,0.03933831577489055,0.0,0.0
5.0,4.0,4.0,False,0.512503385795748,0.0,0.0
6.0,5.0,5.0,False,0.8457716697631508,0.0,0.0
1.0,1.0,1.0,True,0.9644333786796644,0.0,0.0
2.0,2.0,2.0,True,0.5676001820213963,0.0,0.0
3.0,3.0,3.0,True,0.31559524742334055,0.0,0.0
4.0,3.0,3.0,False,0.170723115407184,0.0,0.0
5.0,4.0,4.0,False,0.4885156371517976,0.0,0.0
6.0,5.0,5.0,False,0.36361603738884085,0.0,0.0
1.0,1.0,1.0,True,0.6065372734515402,0.0,0.0
2.0,2.0,2.0,True,0.3651787363455963,0.0,0.0
3.0,2.0,2.0,False,0.11163102769156819,0.0,0.0
4.0,3.0,3.0,False,0.43638753618504555,0.0,0.0
5.0,4.0,4.0,False,0.3172658370943573,0.0,0.0
6.0,5.0,5.0,False,0.8498784130071808,0.0,0.0
1.0,1.0,1.0,True,0.7757188946913711,0.0,0.0
2.0,2.0,2.0,True,0.3204979430174597,0.0,0.0
3.0,2.0,2.0,False,0.032941654468052306,0.0,0.0
4.0,4.0,4.0,True,0.09172651908498786,0.0,0.0
5.0,4.0,4.0,False,0.4493595884430306,0.0,0.0
1.0,1.0,1.0,True,0.5478899865317088,0.0,0.0
2.0,2.0,2.0,True,0.1942186787110467,0.0,0.0
3.0,3.0,3.0,True,0.33824808853642985,0.0,0.0
4.0,3.0,3.0,False,0.18992490522656968,0.0,0.0
1.0,1.0,1.0,True,0.6775902901425155,0.0,0.0
2.0,2.0,2.0,True,0.845100541757799,0.0,0.0
3.0,3.0,3.0,True,0.3373842008381587,0.0,0.0
1.0,1.0,1.0,True,0.832996132801787,0.0,0.0
2.0,2.0,2.0,True,0.6798853750061169,0.0,0.0
1.0,1.0,1.0,True,0.5271191470310528,0.0,0.0
1.0,1.0,1.0,True,0.47756669391905615,0.0,0.0
2.0,2.0,2.0,True,0.10323489933469832,0.0,0.0
3.0,3.0,3.0,True,0.17276824220799636,0.0,0.0
4.0,3.0,3.0,False,0.2809327023321231,0.0,0.0
5.0,5.0,5.0,True,0.18135186808647852,0.0,0.0
6.0,5.0,5.0,False,0.3650333807665085,0.0,0.0
1.0,1.0,1.0,True,0.6229690700480752,0.0,0.0
2.0,2.0,2.0,True,0.6892693427882759,0.0,0.0
3.0,3.0,3.0,True,0.2414362025459047,0.0,0.0
4.0,4.0,4.0,True,0.7112402158465398,0.0,0.0
5.0,5.0,5.0,True,0.16251069122442807,0.0,0.0
6.0,6.0,6.0,True,0.9504690463315804,0.0,0.0
1.0,1.0,1.0,True,0.9352964407211295,0.0,0.0
2.0,2.0,2.0,True,0.6374056270703501,0.0,0.0
3.0,3.0,3.0,True,0.8787766991187649,0.0,0.0
4.0,4.0,4.0,True,0.5680031592964667,0.0,0.0
5.0,5.0,5.0,True,0.6486187253657896,0.0,0.0
1.0,1.0,1.0,True,0.9368891487530393,0.0,0.0
2.0,2.0,2.0,True,0.7524472728795102,0.0,0.0
3.0,3.0,3.0,True,0.6400181614501896,0.0,0.0
4.0,4.0,4.0,True,0.6231688008262282,0.0,0.0
1.0,1.0,1.0,True,0.5264606267396092,0.0,0.0
2.0,2.0,2.0,True,0.8848052132985527,0.0,0.0
3.0,3.0,3.0,True,0.3419543179396909,0.0,0.0
1.0,1.0,1.0,True,0.4440455982978495,0.0,0.0
2.0,2.0,2.0,True,0.7897295217957092,0.0,0.0
1.0,1.0,1.0,True,0.2590978094409828,0.0,0.0
1.0,1.0,1.0,True,0.8943676136157457,0.0,0.0
2.0,2.0,2.0,True,0.8810335628386108,0.0,0.0
3.0,3.0,3.0,True,0.6976541741179902,0.0,0.0
4.0,4.0,4.0,True,0.22972567685941403,0.0,0.0
5.0,4.0,4.0,False,0.03616450866956633,0.0,0.0
6.0,5.0,5.0,False,0.49920339051270446,0.0,0.0
1.0,1.0,1.0,True,0.7708690075094342,0.0,0.0
2.0,2.0,2.0,True,0.7902864404565979,0.0,0.0
3.0,3.0,3.0,True,0.33962047910717885,0.0,0.0
4.0,4.0,4.0,True,0.17840687804974475,0.0,0.0
5.0,4.0,4.0,False,0.19746775493782032,0.0,0.0
6.0,5.0,5.0,False,0.6841250189608044,0.0,0.0
1.0,1.0,1.0,True,0.6566831515946432,0.0,0.0
2.0,2.0,2.0,True,0.24581691811451334,0.0,0.0
3.0,3.0,3.0,True,0.32727479096089773,0.0,0.0
4.0,4.0,4.0,True,0.08749270228671424,0.0,0.0
5.0,4.0,4.0,False,0.34951266078917875,0.0,0.0
6.0,6.0,6.0,True,0.6280555986981682,0.0,0.0
1.0,1.0,1.0,True,0.5822344949911711,0.0,0.0
2.0,2.0,2.0,True,0.7399051388710514,0.0,0.0
3.0,3.0,3.0,True,0.5302911027708745,0.0,0.0
4.0,4.0,4.0,True,0.10000642330040765,0.0,0.0
5.0,5.0,5.0,True,0.8600167053134999,0.0,0.0
1.0,1.0,1.0,True,0.6593385171593042,0.0,0.0
2.0,2.0,2.0,True,0.8484517393669204,0.0,0.0
3.0,3.0,3.0,True,0.7107596591365724,0.0,0.0
4.0,4.0,4.0,True,0.06510618810612456,0.0,0.0
1.0,1.0,1.0,True,0.8106869751304833,0.0,0.0
2.0,2.0,2.0,True,0.3258532801858709,0.0,0.0
3.0,3.0,3.0,True,0.5001322054320774,0.0,0.0
1.0,1.0,1.0,True,0.47354084473501357,0.0,0.0
2.0,2.0,2.0,True,0.23746294934410184,0.0,0.0
1.0,2.0,2.0,False,0.7282820811433575,0.0,0.0
1.0,1.0,1.0,True,0.6442064007216262,0.0,0.0
2.0,2.0,2.0,True,0.9679677994858125,0.0,0.0
1.0,1.0,1.0,True,0.6875028907690615,0.0,0.0
1.0,1.0,1.0,True,0.9379519475455544,0.0,0.0
2.0,2.0,2.0,True,0.4383250144143691,0.0,0.0
3.0,3.0,3.0,True,0.016163923534236346,0.0,0.0
1.0,1.0,1.0,True,0.3081155936625035,0.0,0.0
2.0,3.0,3.0,False,0.0965359929227878,0.0,0.0
1.0,1.0,1.0,True,0.5746872176989344,0.0,0.0
1.0,1.0,1.0,True,0.44968625197788703,0.0,0.0
2.0,1.0,1.0,False,0.14524461342611383,0.0,0.0
3.0,2.0,2.0,False,0.9174884152780951,0.0,0.0
4.0,3.0,3.0,False,0.8173517111673005,0.0,0.0
5.0,4.0,4.0,False,0.31409184966664494,0.0,0.0
6.0,4.0,4.0,False,0.0006749432137507227,0.0,0.0
1.0,1.0,1.0,True,0.4230631048677884,0.0,0.0
2.0,1.0,1.0,False,0.3654501679822344,0.0,0.0
3.0,2.0,2.0,False,0.2821388950924595,0.0,0.0
4.0,3.0,3.0,False,0.8420479180503184,0.0,0.0
5.0,4.0,4.0,False,0.5200519348390786,0.0,0.0
6.0,5.0,5.0,False,0.4386275465222429,0.0,0.0
1.0,1.0,1.0,True,0.23212550152913858,0.0,0.0
2.0,2.0,2.0,True,0.3096466126701767,0.0,0.0
3.0,2.0,2.0,False,0.5737605252104361,0.0,0.0
4.0,3.0,3.0,False,0.916712986782132,0.0,0.0
5.0,4.0,4.0,False,0.9766480330939764,0.0,0.0
6.0,5.0,5.0,False,0.1791232804460936,0.0,0.0
1.0,1.0,1.0,True,0.9217323016834631,0.0,0.0
2.0,2.0,2.0,True,0.18865381869635645,0.0,0.0
3.0,2.0,2.0,False,0.13657556459315234,0.0,0.0
4.0,3.0,3.0,False,0.2523358327922818,0.0,0.0
5.0,4.0,4.0,False,0.9309090257159367,0.0,0.0
6.0,5.0,5.0,False,0.30112226915169593,0.0,0.0
1.0,1.0,1.0,True,0.11044568359374995,0.0,0.0
2.0,1.0,1.0,False,0.24602067720574494,0.0,0.0
3.0,2.0,2.0,False,0.3661799952328275,0.0,0.0
4.0,3.0,3.0,False,0.7963700369802877,0.0,0.0
5.0,4.0,4.0,False,0.15874666274578608,0.0,0.0
1.0,1.0,1.0,True,0.6839395289053452,0.0,0.0
2.0,2.0,2.0,True,0.5734041434258881,0.0,0.0
3.0,2.0,2.0,False,0.2924189870871894,0.0,0.0
4.0,3.0,3.0,False,0.9428650431190988,0.0,0.0
1.0,1.0,1.0,True,0.9062929527784478,0.0,0.0
2.0,2.0,2.0,True,0.042110497872035246,0.0,0.0
3.0,2.0,2.0,False,0.6078406535464849,0.0,0.0
1.0,1.0,1.0,True,0.18255959494775098,0.0,0.0
2.0,1.0,1.0,False,0.48680363656793535,0.0,0.0
1.0,1.0,1.0,True,0.34898998738584464,0.0,0.0
1.0,1.0,1.0,True,0.8179962261336469,0.0,0.0
2.0,2.0,2.0,True,0.7334375592469495,0.0,0.0
3.0,3.0,3.0,True,0.5852417529560832,0.0,0.0
1.0,1.0,1.0,True,0.948010178686445,0.0,0.0
2.0,2.0,2.0,True,0.3853859788483316,0.0,0.0
1.0,1.0,1.0,True,0.32898494261665556,0.0,0.0
1.0,1.0,1.0,True,0.6703085187070754,0.0,0.0
2.0,1.0,1.0,False,0.018307034406850775,0.0,0.0
3.0,2.0,2.0,False,0.2975037591226082,0.0,0.0
4.0,3.0,3.0,False,0.9685986294820363,0.0,0.0
5.0,4.0,4.0,False,0.39619281549564445,0.0,0.0
1.0,1.0,1.0,True,0.3054123314195476,0.0,0.0
2.0,2.0,2.0,True,0.023827429729915917,0.0,0.0
3.0,2.0,2.0,False,0.7184632423825041,0.0,0.0
4.0,3.0,3.0,False,0.7217713948287265,0.0,0.0
1.0,1.0,1.0,True,0.7170515106569857,0.0,0.0
2.0,1.0,1.0,False,0.019033645659127796,0.0,0.0
3.0,2.0,2.0,False,0.5730539267388686,0.0,0.0
1.0,1.0,1.0,True,0.27376087019610473,0.0,0.0
2.0,1.0,1.0,False,0.2669965326904662,0.0,0.0
1.0,1.0,1.0,True,0.5000825659984787,0.0,0.0
1.0,2.0,2.0,False,0.17623336456298766,0.0,0.0
2.0,4.0,4.0,False,0.2424390503239584,0.0,0.0
1.0,2.0,2.0,False,0.6521658804597372,0.0,0.0
1.0,1.0,1.0,True,0.5846563287831898,0.0,0.0
2.0,2.0,2.0,True,0.36533224272915454,0.0,0.0
3.0,2.0,2.0,False,0.14336358930179305,0.0,0.0
4.0,4.0,4.0,True,0.22111422091621868,0.0,0.0
5.0,5.0,5.0,True,0.005912492694282179,0.0,0.0
6.0,6.0,6.0,True,0.0077731609829410075,0.0,0.0
1.0,1.0,1.0,True,0.8123497214449369,0.0,0.0
2.0,2.0,2.0,True,0.30237322190462734,0.0,0.0
3.0,3.0,3.0,True,0.685354730336682,0.0,0.0
4.0,4.0,4.0,True,0.46485080368217435,0.0,0.0
5.0,5.0,5.0,True,0.4729594524426215,0.0,0.0
1.0,1.0,1.0,True,0.4864948770637034,0.0,0.0
2.0,2.0,2.0,True,0.848220555132666,0.0,0.0
3.0,3.0,3.0,True,0.626438020514704,0.0,0.0
4.0,4.0,4.0,True,0.6195736418356566,0.0,0.0
1.0,1.0,1.0,True,0.6352952467982487,0.0,0.0
2.0,2.0,2.0,True,0.8579095824325735,0.0,0.0
3.0,3.0,3.0,True,0.8644587578813114,0.0,0.0
1.0,1.0,1.0,True,0.7731523120678891,0.0,0.0
2.0,2.0,2.0,True,0.7844942067317029,0.0,0.0
1.0,1.0,1.0,True,0.9853834270963011,0.0,0.0
1.0,1.0,1.0,True,0.49215032687183125,0.0,0.0
1.0,1.0,1.0,True,0.6496054227102921,0.0,0.0
2.0,2.0,2.0,True,0.16452531501547973,0.0,0.0
3.0,3.0,3.0,True,0.8797082857377987,0.0,0.0
4.0,4.0,4.0,True,0.89984754530792,0.0,0.0
5.0,5.0,5.0,True,0.4267340870500451,0.0,0.0
6.0,6.0,6.0,True,0.6029803622414196,0.0,0.0
1.0,1.0,1.0,True,0.5179598689468257,0.0,0.0
2.0,2.0,2.0,True,0.5311954866562818,0.0,0.0
3.0,3.0,3.0,True,0.7377106792689343,0.0,0.0
4.0,4.0,4.0,True,0.7888126312975015,0.0,0.0
5.0,5.0,5.0,True,0.9493220993914697,0.0,0.0
6.0,6.0,6.0,True,0.5768635342762387,0.0,0.0
1.0,1.0,1.0,True,0.04757458340135923,0.0,0.0
2.0,2.0,2.0,True,0.25394105817111345,0.0,0.0
3.0,3.0,3.0,True,0.7170541892890547,0.0,0.0
4.0,4.0,4.0,True,0.5693123073331599,0.0,0.0
5.0,5.0,5.0,True,0.9241443564084939,0.0,0.0
1.0,1.0,1.0,True,0.785882060775811,0.0,0.0
2.0,2.0,2.0,True,0.31973288811346245,0.0,0.0
3.0,3.0,3.0,True,0.49807586866353315,0.0,0.0
4.0,4.0,4.0,True,0.13699867748519878,0.0,0.0
1.0,1.0,1.0,True,0.5391200316029736,0.0,0.0
2.0,2.0,2.0,True,0.7130207056057403,0.0,0.0
3.0,3.0,3.0,True,0.34738375978941427,0.0,0.0
1.0,1.0,1.0,True,0.8252702757001469,0.0,0.0
2.0,2.0,2.0,True,0.8298133717454226,0.0,0.0
1.0,1.0,1.0,True,0.6770565589455269,0.0,0.0
1.0,1.0,1.0,True,0.48969352023351176,0.0,0.0
2.0,2.0,2.0,True,0.08484401758031668,0.0,0.0
3.0,2.0,2.0,False,0.5551696009385987,0.0,0.0
4.0,3.0,3.0,False,0.8651291723231589,0.0,0.0
5.0,4.0,4.0,False,0.5679154360081151,0.0,0.0
6.0,5.0,5.0,False,0.3976455291153851,0.0,0.0
1.0,1.0,1.0,True,0.5936612213832442,0.0,0.0
2.0,1.0,1.0,False,0.04559269981412983,0.0,0.0
3.0,2.0,2.0,False,0.6261591052515989,0.0,0.0
4.0,3.0,3.0,False,0.9298140430389523,0.0,0.0
5.0,4.0,4.0,False,0.9135747810333719,0.0,0.0
1.0,1.0,1.0,True,0.3538669110312451,0.0,0.0
2.0,1.0,1.0,False,0.2256530145486968,0.0,0.0
3.0,2.0,2.0,False,0.5294890903895242,0.0,0.0
4.0,3.0,3.0,False,0.6945444978411706,0.0,0.0
1.0,1.0,1.0,True,0.4260614804560834,0.0,0.0
2.0,2.0,2.0,True,0.11714735094223805,0.0,0.0
3.0,2.0,2.0,False,0.0584232944909342,0.0,0.0
1.0,1.0,1.0,True,0.7160975811222565,0.0,0.0
2.0,2.0,2.0,True,0.5212357207074811,0.0,0.0
1.0,1.0,1.0,True,0.8692684765154364,0.0,0.0
1.0,1.0,1.0,True,0.5146092383274798,0.0,0.0
2.0,2.0,2.0,True,0.4216476048672497,0.0,0.0
3.0,3.0,3.0,True,0.11292463602062952,0.0,0.0
4.0,4.0,4.0,True,0.2991903994678582,0.0,0.0
5.0,4.0,4.0,False,0.35987577240746305,0.0,0.0
6.0,6.0,6.0,True,0.8152288102956131,0.0,0.0
1.0,1.0,1.0,True,0.9324820195636032,0.0,0.0
2.0,2.0,2.0,True,0.5979720281589245,0.0,0.0
3.0,3.0,3.0,True,0.7696716632433951,0.0,0.0
4.0,4.0,4.0,True,0.11644325144265277,0.0,0.0
5.0,5.0,5.0,True,0.7135280953803473,0.0,0.0
1.0,1.0,1.0,True,0.6742215348084459,0.0,0.0
2.0,2.0,2.0,True,0.8639949235241913,0.0,0.0
3.0,3.0,3.0,True,0.24493766340530243,0.0,0.0
4.0,4.0,4.0,True,0.5978138212956416,0.0,0.0
1.0,1.0,1.0,True,0.8065608338312984,0.0,0.0
2.0,2.0,2.0,True,0.6411408739882853,0.0,0.0
3.0,3.0,3.0,True,0.25499466787349956,0.0,0.0
1.0,1.0,1.0,True,0.6412553256645919,0.0,0.0
2.0,2.0,2.0,True,0.4405263130563144,0.0,0.0
1.0,2.0,2.0,False,0.20228707020555392,0.0,0.0
1.0,1.0,1.0,True,0.41093751972209547,0.0,0.0
1.0,1.0,1.0,True,0.9426863832197299,0.0,0.0
2.0,2.0,2.0,True,0.7246083543583342,0.0,0.0
1.0,1.0,1.0,True,0.8314662536717752,0.0,0.0
1.0,1.0,1.0,True,0.9206108291361788,0.0,0.0
2.0,2.0,2.0,True,0.7518018214250017,0.0,0.0
3.0,4.0,4.0,False,0.49879654876212687,0.0,0.0
1.0,1.0,1.0,True,0.6889755520996574,0.0,0.0
2.0,3.0,3.0,False,0.43700058794198604,0.0,0.0
1.0,2.0,2.0,False,0.7464713813495547,0.0,0.0
1.0,1.0,1.0,True,0.5140863897291035,0.0,0.0
2.0,1.0,1.0,False,0.25515672114715526,0.0,0.0
3.0,3.0,3.0,True,0.1377996822756531,0.0,0.0
1.0,1.0,1.0,True,0.29813889356518763,0.0,0.0
2.0,2.0,2.0,True,0.8088851550332583,0.0,0.0
1.0,1.0,1.0,True,0.4650474607118338,0.0,0.0
1.0,1.0,1.0,True,0.7635934851363635,0.0,0.0
2.0,2.0,2.0,True,0.3977400976122638,0.0,0.0
3.0,3.0,3.0,True,0.08518945671938383,0.0,0.0
4.0,4.0,4.0,True,0.43443476969540473,0.0,0.0
1.0,1.0,1.0,True,0.6201444199656443,0.0,0.0
2.0,2.0,2.0,True,0.3322720369051302,0.0,0.0
3.0,3.0,3.0,True,0.6779765632516908,0.0,0.0
1.0,1.0,1.0,True,0.7053671037298788,0.0,0.0
2.0,2.0,2.0,True,0.9468200673460654,0.0,0.0
1.0,1.0,1.0,True,0.646919140054393,0.0,0.0
1.0,1.0,1.0,True,0.3087905676748375,0.0,0.0
2.0,1.0,1.0,False,0.16910876012716214,0.0,0.0
3.0,3.0,3.0,True,0.48985885190634626,0.0,0.0
1.0,1.0,1.0,True,0.7095324235760931,0.0,0.0
2.0,2.0,2.0,True,0.5593934196179546,0.0,0.0
1.0,1.0,1.0,True,0.27126658898799105,0.0,0.0
1.0,1.0,1.0,True,0.975234291851085,0.0,0.0
2.0,2.0,2.0,True,0.7467468236439894,0.0,0.0
3.0,3.0,3.0,True,0.5426643358136269,0.0,0.0
1.0,1.0,1.0,True,0.7682659794195867,0.0,0.0
2.0,2.0,2.0,True,0.5660664529068793,0.0,0.0
1.0,1.0,1.0,True,0.7823711530589939,0.0,0.0
1.0,1.0,1.0,True,0.47915622627929566,0.0,0.0
2.0,2.0,2.0,True,0.032124354422435886,0.0,0.0
3.0,2.0,2.0,False,0.10108275863012306,0.0,0.0
4.0,3.0,3.0,False,0.8471114712921946,0.0,0.0
5.0,4.0,4.0,False,0.5432091855313175,0.0,0.0
6.0,5.0,5.0,False,0.4758299744051655,0.0,0.0
1.0,1.0,1.0,True,0.523986870749581,0.0,0.0
2.0,2.0,2.0,True,0.33019369210714444,0.0,0.0
3.0,2.0,2.0,False,0.40779620286611795,0.0,0.0
4.0,3.0,3.0,False,0.9629364483235943,0.0,0.0
5.0,4.0,4.0,False,0.9121582321804205,0.0,0.0
6.0,5.0,5.0,False,0.341361223381222,0.0,0.0
1.0,1.0,1.0,True,0.808879545529394,0.0,0.0
2.0,2.0,2.0,True,0.06105431323488908,0.0,0.0
3.0,2.0,2.0,False,0.5557082324959381,0.0,0.0
4.0,3.0,3.0,False,0.586814766403644,0.0,0.0
5.0,4.0,4.0,False,0.8170974189672826,0.0,0.0
6.0,5.0,5.0,False,0.9655669517055507,0.0,0.0
1.0,1.0,1.0,True,0.25914310425734755,0.0,0.0
2.0,1.0,1.0,False,0.32872471012120785,0.0,0.0
3.0,2.0,2.0,False,0.30111953070978714,0.0,0.0
4.0,3.0,3.0,False,0.9271969305192602,0.0,0.0
5.0,4.0,4.0,False,0.7431408180526606,0.0,0.0
1.0,1.0,1.0,True,0.47623955786060557,0.0,0.0
2.0,2.0,2.0,True,0.4854717255519887,0.0,0.0
3.0,2.0,2.0,False,0.13502493537554727,0.0,0.0
4.0,3.0,3.0,False,0.011031235619397783,0.0,0.0
1.0,1.0,1.0,True,0.9591043942087403,0.0,0.0
2.0,2.0,2.0,True,0.4088725970903728,0.0,0.0
3.0,3.0,3.0,True,0.4322004267902546,0.0,0.0
1.0,1.0,1.0,True,0.40023659917148136,0.0,0.0
2.0,2.0,2.0,True,0.28018851201016837,0.0,0.0
1.0,1.0,1.0,True,0.8803048261627651,0.0,0.0
1.0,2.0,2.0,False,0.6009077312375872,0.0,0.0
2.0,3.0,3.0,False,0.866954120077585,0.0,0.0
3.0,4.0,4.0,False,0.45851473918942887,0.0,0.0
4.0,5.0,5.0,False,0.08024697385522828,0.0,0.0
5.0,8.0,8.0,False,0.7825868527303221,0.0,0.0
1.0,1.0,1.0,True,0.7153306079746868,0.0,0.0
2.0,3.0,3.0,False,0.003387194822220607,0.0,0.0
3.0,4.0,4.0,False,0.36350732336557456,0.0,0.0
4.0,6.0,6.0,False,0.5976402068169779,0.0,0.0
1.0,1.0,1.0,True,0.26885758478481403,0.0,0.0
2.0,3.0,3.0,False,0.08562109026899911,0.0,0.0
3.0,5.0,5.0,False,0.6490616109286087,0.0,0.0
1.0,1.0,1.0,True,0.6031582087194387,0.0,0.0
2.0,4.0,4.0,False,0.7991749592647883,0.0,0.0
1.0,3.0,3.0,False,0.8212585936154966,0.0,0.0
1.0,1.0,1.0,True,0.7890777202943182,0.0,0.0
2.0,2.0,2.0,True,0.9835610596736961,0.0,0.0
3.0,3.0,3.0,True,0.9041107136765518,0.0,0.0
4.0,4.0,4.0,True,0.8563067640004611,0.0,0.0
5.0,5.0,5.0,True,0.13178980218873448,0.0,0.0
6.0,5.0,5.0,False,0.11632071103122321,0.0,0.0
1.0,1.0,1.0,True,0.7713166125468618,0.0,0.0
2.0,2.0,2.0,True,0.8789540291931361,0.0,0.0
3.0,3.0,3.0,True,0.9325413897598231,0.0,0.0
4.0,4.0,4.0,True,0.35440854274325684,0.0,0.0
5.0,5.0,5.0,True,0.0873598982047259,0.0,0.0
6.0,6.0,6.0,True,0.6184293618915699,0.0,0.0
1.0,1.0,1.0,True,0.913071096832665,0.0,0.0
2.0,2.0,2.0,True,0.8694261035321622,0.0,0.0
3.0,3.0,3.0,True,0.12851019346561987,0.0,0.0
4.0,3.0,3.0,False,0.12132152485769421,0.0,0.0
5.0,5.0,5.0,True,0.8225722710474077,0.0,0.0
6.0,6.0,6.0,True,0.746524329905693,0.0,0.0
1.0,1.0,1.0,True,0.9512398646750386,0.0,0.0
2.0,2.0,2.0,True,0.2365396832084481,0.0,0.0
3.0,3.0,3.0,True,0.00012102083357579119,0.0,0.0
4.0,4.0,4.0,True,0.7151636616372521,0.0,0.0
5.0,5.0,5.0,True,0.8379251381554731,0.0,0.0
6.0,6.0,6.0,True,0.6594951108711751,0.0,0.0
1.0,1.0,1.0,True,0.34912749668992293,0.0,0.0
2.0,2.0,2.0,True,0.08169114244648723,0.0,0.0
3.0,3.0,3.0,True,0.6673807073811293,0.0,0.0
4.0,4.0,4.0,True,0.8674216622644106,0.0,0.0
5.0,5.0,5.0,True,0.6151125853489816,0.0,0.0
6.0,6.0,6.0,True,0.9109695936253548,0.0,0.0
1.0,1.0,1.0,True,0.7531519020691109,0.0,0.0
2.0,3.0,3.0,False,0.0173091522603519,0.0,0.0
3.0,3.0,3.0,True,0.44318115424126514,0.0,0.0
4.0,5.0,5.0,False,0.05950715683696295,0.0,0.0
5.0,5.0,5.0,True,0.21938425124811722,0.0,0.0
6.0,6.0,6.0,True,0.874504476954117,0.0,0.0
1.0,2.0,2.0,False,0.1993347921855282,0.0,0.0
2.0,2.0,2.0,True,0.2597379044911339,0.0,0.0
3.0,4.0,4.0,False,0.23680210131581703,0.0,0.0
4.0,4.0,4.0,True,0.03954711837003444,0.0,0.0
5.0,5.0,5.0,True,0.937645889895629,0.0,0.0
6.0,6.0,6.0,True,0.9681262754844031,0.0,0.0
1.0,1.0,1.0,True,0.5367177888449859,0.0,0.0
2.0,2.0,2.0,True,0.9505785082864948,0.0,0.0
3.0,3.0,3.0,True,0.7646652908428866,0.0,0.0
4.0,3.0,3.0,False,0.131542735776069,0.0,0.0
5.0,4.0,4.0,False,0.2045599532799276,0.0,0.0
6.0,5.0,5.0,False,0.9177913957449402,0.0,0.0
1.0,1.0,1.0,True,0.4978339116204462,0.0,0.0
2.0,2.0,2.0,True,0.7658050076377023,0.0,0.0
3.0,3.0,3.0,True,0.3402390735891281,0.0,0.0
4.0,4.0,4.0,True,0.26764587431235487,0.0,0.0
5.0,4.0,4.0,False,0.5954323517021081,0.0,0.0
6.0,5.0,5.0,False,0.7983752640680457,0.0,0.0
1.0,1.0,1.0,True,0.7258974779978649,0.0,0.0
2.0,1.0,1.0,False,0.1732470243811699,0.0,0.0
3.0,2.0,2.0,False,0.25792416069826807,0.0,0.0
4.0,3.0,3.0,False,0.8569127723850904,0.0,0.0
5.0,4.0,4.0,False,0.7086183533133514,0.0,0.0
1.0,1.0,1.0,True,0.10363740296819657,0.0,0.0
2.0,2.0,2.0,True,0.033460428006744536,0.0,0.0
3.0,2.0,2.0,False,0.8307230787278153,0.0,0.0
4.0,3.0,3.0,False,0.980832032596493,0.0,0.0
1.0,1.0,1.0,True,0.9371579007687219,0.0,0.0
2.0,2.0,2.0,True,0.06152480071923261,0.0,0.0
3.0,2.0,2.0,False,0.12383107274194227,0.0,0.0
1.0,1.0,1.0,True,0.16384414201325104,0.0,0.0
2.0,1.0,1.0,False,0.06665703244035814,0.0,0.0
1.0,1.0,1.0,True,0.7823324411763539,0.0,0.0
1.0,1.0,1.0,True,0.8666602749210339,0.0,0.0
2.0,2.0,2.0,True,0.6651601404578931,0.0,0.0
3.0,3.0,3.0,True,0.2611822300232012,0.0,0.0
4.0,4.0,4.0,True,0.5965792970859782,0.0,0.0
5.0,5.0,5.0,True,0.6434429484824218,0.0,0.0
6.0,6.0,6.0,True,0.829142353165599,0.0,0.0
1.0,1.0,1.0,True,0.5744457270077725,0.0,0.0
2.0,2.0,2.0,True,0.12783814570154384,0.0,0.0
3.0,3.0,3.0,True,0.43830955294606344,0.0,0.0
4.0,4.0,4.0,True,0.42439596333777274,0.0,0.0
5.0,5.0,5.0,True,0.6912237620842188,0.0,0.0
1.0,1.0,1.0,True,0.9603721340008957,0.0,0.0
2.0,2.0,2.0,True,0.4288051449409984,0.0,0.0
3.0,3.0,3.0,True,0.17581354721483589,0.0,0.0
4.0,4.0,4.0,True,0.38677332240351525,0.0,0.0
1.0,1.0,1.0,True,0.4329867192231207,0.0,0.0
2.0,2.0,2.0,True,0.18705272846186638,0.0,0.0
3.0,3.0,3.0,True,0.41291371734968063,0.0,0.0
1.0,1.0,1.0,True,0.7421266904918222,0.0,0.0
2.0,2.0,2.0,True,0.8357673805362191,0.0,0.0
1.0,1.0,1.0,True,0.4734290564196506,0.0,0.0
1.0,1.0,1.0,True,0.1362463702771337,0.0,0.0
2.0,3.0,3.0,False,0.3784409752941409,0.0,0.0
3.0,4.0,4.0,False,0.6727919263332058,0.0,0.0
1.0,1.0,1.0,True,0.34202368434148855,0.0,0.0
2.0,2.0,2.0,True,0.02808518915463054,0.0,0.0
1.0,1.0,1.0,True,0.689938795506992,0.0,0.0
1.0,2.0,2.0,False,0.246184441893619,0.0,0.0
2.0,3.0,3.0,False,0.02356247727751004,0.0,0.0
3.0,5.0,5.0,False,0.8689167491540939,0.0,0.0
4.0,7.0,7.0,False,0.8540663120679284,0.0,0.0
5.0,8.0,8.0,False,0.6518471211367256,0.0,0.0
6.0,9.0,9.0,False,0.25604206927539863,0.0,0.0
1.0,1.0,1.0,True,0.7232675596819833,0.0,0.0
2.0,3.0,3.0,False,0.4029404914140704,0.0,0.0
3.0,5.0,5.0,False,0.15769277408540283,0.0,0.0
4.0,6.0,6.0,False,0.02525213228408596,0.0,0.0
5.0,6.0,6.0,False,0.22615583811878892,0.0,0.0
1.0,2.0,2.0,False,0.14007029678653637,0.0,0.0
2.0,3.0,3.0,False,0.12424175772640655,0.0,0.0
3.0,4.0,4.0,False,0.26622749011723457,0.0,0.0
4.0,5.0,5.0,False,0.4830415104411738,0.0,0.0
1.0,2.0,2.0,False,0.767950729606881,0.0,0.0
2.0,3.0,3.0,False,0.7276847202856018,0.0,0.0
3.0,4.0,4.0,False,0.5968389500952389,0.0,0.0
1.0,1.0,1.0,True,0.9793302452987627,0.0,0.0
2.0,2.0,2.0,True,0.9806946569092663,0.0,0.0
1.0,1.0,1.0,True,0.9482011581857979,0.0,0.0
1.0,1.0,1.0,True,0.4837808448545893,0.0,0.0
2.0,2.0,2.0,True,0.10837631917023449,0.0,0.0
3.0,4.0,4.0,False,0.44822158405041446,0.0,0.0
4.0,5.0,5.0,False,0.4270010184901114,0.0,0.0
1.0,1.0,1.0,True,0.626245057577226,0.0,0.0
2.0,3.0,3.0,False,0.9841121587091948,0.0,0.0
3.0,5.0,5.0,False,0.4455903281948448,0.0,0.0
1.0,2.0,2.0,False,0.5384118397605233,0.0,0.0
2.0,4.0,4.0,False,0.917974146843898,0.0,0.0
1.0,2.0,2.0,False,0.642601861511956,0.0,0.0
1.0,1.0,1.0,True,0.4426615126896083,0.0,0.0
2.0,3.0,3.0,False,0.9969618557803042,0.0,0.0
3.0,4.0,4.0,False,0.6621137674891253,0.0,0.0
4.0,4.0,4.0,True,0.13351175626169187,0.0,0.0
1.0,2.0,2.0,False,0.7076270593058771,0.0,0.0
2.0,3.0,3.0,False,0.7149921556446914,0.0,0.0
3.0,4.0,4.0,False,0.7037613500663689,0.0,0.0
1.0,2.0,2.0,False,0.4944611205385794,0.0,0.0
2.0,3.0,3.0,False,0.338256871275342,0.0,0.0
1.0,1.0,1.0,True,0.39647288504141276,0.0,0.0
1.0,1.0,1.0,True,0.7593126602285358,0.0,0.0
2.0,2.0,2.0,True,0.7787860586734681,0.0,0.0
3.0,3.0,3.0,True,0.1346102828112059,0.0,0.0
4.0,4.0,4.0,True,0.09856152036553212,0.0,0.0
5.0,6.0,6.0,False,0.8669506708249166,0.0,0.0
1.0,1.0,1.0,True,0.9934807853002743,0.0,0.0
2.0,2.0,2.0,True,0.4025324341450993,0.0,0.0
3.0,3.0,3.0,True,0.3763883163462767,0.0,0.0
4.0,5.0,5.0,False,0.5716841512658153,0.0,0.0
1.0,1.0,1.0,True,0.3639075024643512,0.0,0.0
2.0,2.0,2.0,True,0.3091498687199836,0.0,0.0
3.0,4.0,4.0,False,0.6127760505484252,0.0,0.0
1.0,1.0,1.0,True,0.9355227313536152,0.0,0.0
2.0,2.0,2.0,True,0.029930120672467808,0.0,0.0
1.0,1.0,1.0,True,0.05656819050489803,0.0,0.0
1.0,2.0,2.0,False,0.5075737865321059,0.0,0.0
2.0,3.0,3.0,False,0.031417641181894496,0.0,0.0
3.0,5.0,5.0,False,0.5717826638368013,0.0,0.0
1.0,2.0,2.0,False,0.5152707426018135,0.0,0.0
2.0,3.0,3.0,False,0.9258640274252654,0.0,0.0
1.0,1.0,1.0,True,0.3625520549266916,0.0,0.0
1.0,2.0,2.0,False,0.004273501517638056,0.0,0.0
2.0,3.0,3.0,False,0.8146178204186691,0.0,0.0
3.0,4.0,4.0,False,0.5533323726953601,0.0,0.0
4.0,5.0,5.0,False,0.5379950859933587,0.0,0.0
5.0,6.0,6.0,False,0.35950367099983893,0.0,0.0
6.0,7.0,7.0,False,0.49967918727462823,0.0,0.0
1.0,1.0,1.0,True,0.19923610798140157,0.0,0.0
2.0,3.0,3.0,False,0.4373434249777368,0.0,0.0
3.0,4.0,4.0,False,0.44542774125501605,0.0,0.0
4.0,5.0,5.0,False,0.6975952484115862,0.0,0.0
5.0,6.0,6.0,False,0.5880703538055805,0.0,0.0
6.0,7.0,7.0,False,0.9671059318026849,0.0,0.0
1.0,1.0,1.0,True,0.3538815261651731,0.0,0.0
2.0,2.0,2.0,True,0.3404033764104355,0.0,0.0
3.0,3.0,3.0,True,0.0498502502303948,0.0,0.0
4.0,4.0,4.0,True,0.14043005413111587,0.0,0.0
5.0,6.0,6.0,False,0.22718856475409943,0.0,0.0
6.0,8.0,8.0,False,0.7942072462877192,0.0,0.0
1.0,1.0,1.0,True,0.982460661578763,0.0,0.0
2.0,2.0,2.0,True,0.6829183247598021,0.0,0.0
3.0,3.0,3.0,True,0.7543589195502527,0.0,0.0
4.0,4.0,4.0,True,0.3962812673244258,0.0,0.0
5.0,7.0,7.0,False,0.5491532615625534,0.0,0.0
1.0,1.0,1.0,True,0.5884853967600319,0.0,0.0
2.0,2.0,2.0,True,0.6846988212739165,0.0,0.0
3.0,3.0,3.0,True,0.33618540928168805,0.0,0.0
4.0,6.0,6.0,False,0.5552369260188854,0.0,0.0
1.0,1.0,1.0,True,0.9121448655211513,0.0,0.0
2.0,2.0,2.0,True,0.7309408914359139,0.0,0.0
3.0,5.0,5.0,False,0.12821019507578235,0.0,0.0
1.0,1.0,1.0,True,0.6221963795085643,0.0,0.0
2.0,4.0,4.0,False,0.22370678824495016,0.0,0.0
1.0,2.0,2.0,False,0.18563746948768767,0.0,0.0
1.0,1.0,1.0,True,0.4948083022758478,0.0,0.0
2.0,3.0,3.0,False,0.03302965203653674,0.0,0.0
3.0,3.0,3.0,True,0.4098410296306172,0.0,0.0
4.0,4.0,4.0,True,0.6623904331182526,0.0,0.0
5.0,5.0,5.0,True,0.5725891229918627,0.0,0.0
6.0,6.0,6.0,True,0.8534515953533273,0.0,0.0
1.0,1.0,1.0,True,0.4730902026726338,0.0,0.0
2.0,2.0,2.0,True,0.9267161004088411,0.0,0.0
3.0,3.0,3.0,True,0.8182670386590667,0.0,0.0
4.0,4.0,4.0,True,0.8930117642367721,0.0,0.0
5.0,5.0,5.0,True,0.6229740697414687,0.0,0.0
6.0,6.0,6.0,True,0.5352978799422825,0.0,0.0
1.0,1.0,1.0,True,0.5596459515641283,0.0,0.0
2.0,2.0,2.0,True,0.3046940520730499,0.0,0.0
3.0,3.0,3.0,True,0.36712979464469253,0.0,0.0
4.0,4.0,4.0,True,0.08446411946949883,0.0,0.0
5.0,4.0,4.0,False,0.02420705912839871,0.0,0.0
6.0,5.0,5.0,False,0.8597686796728503,0.0,0.0
1.0,1.0,1.0,True,0.7512834267430499,0.0,0.0
2.0,2.0,2.0,True,0.8209133734557663,0.0,0.0
3.0,3.0,3.0,True,0.5282165586657221,0.0,0.0
4.0,4.0,4.0,True,0.4379818237954076,0.0,0.0
5.0,4.0,4.0,False,0.4093876819644944,0.0,0.0
6.0,5.0,5.0,False,0.41799061855238406,0.0,0.0
1.0,1.0,1.0,True,0.9340642278114535,0.0,0.0
2.0,2.0,2.0,True,0.7683985954514938,0.0,0.0
3.0,3.0,3.0,True,0.6935785513394341,0.0,0.0
4.0,3.0,3.0,False,0.1644877302695269,0.0,0.0
5.0,4.0,4.0,False,0.158003073300236,0.0,0.0
6.0,5.0,5.0,False,0.5444275504924114,0.0,0.0
1.0,1.0,1.0,True,0.704639709291264,0.0,0.0
2.0,2.0,2.0,True,0.6120070527317214,0.0,0.0
3.0,2.0,2.0,False,0.2376109696805715,0.0,0.0
4.0,3.0,3.0,False,0.2128382182012727,0.0,0.0
5.0,4.0,4.0,False,0.6380897524060032,0.0,0.0
1.0,1.0,1.0,True,0.9294881921180209,0.0,0.0
2.0,2.0,2.0,True,0.08444474251857592,0.0,0.0
3.0,3.0,3.0,True,0.1069406096570642,0.0,0.0
4.0,3.0,3.0,False,0.307734724127517,0.0,0.0
1.0,1.0,1.0,True,0.1406124175340424,0.0,0.0
2.0,2.0,2.0,True,0.15372702979206432,0.0,0.0
3.0,2.0,2.0,False,0.2329732793229926,0.0,0.0
1.0,1.0,1.0,True,0.98466881607269,0.0,0.0
2.0,2.0,2.0,True,0.6233273381542404,0.0,0.0
1.0,1.0,1.0,True,0.5946177947668227,0.0,0.0
1.0,1.0,1.0,True,0.2113094303619356,0.0,0.0
2.0,1.0,1.0,False,0.2739497464447762,0.0,0.0
3.0,2.0,2.0,False,0.5234574867990966,0.0,0.0
4.0,3.0,3.0,False,0.9509758574261831,0.0,0.0
1.0,1.0,1.0,True,0.5123063884607271,0.0,0.0
2.0,2.0,2.0,True,0.26321522359347505,0.0,0.0
3.0,2.0,2.0,False,0.2544152503441337,0.0,0.0
1.0,1.0,1.0,True,0.8121180039136822,0.0,0.0
2.0,2.0,2.0,True,0.31049050681056034,0.0,0.0
1.0,1.0,1.0,True,0.5202130965399576,0.0,0.0
1.0,1.0,1.0,True,0.742969321155341,0.0,0.0
2.0,2.0,2.0,True,0.4892190169064241,0.0,0.0
3.0,3.0,3.0,True,0.4863991317161789,0.0,0.0
4.0,4.0,4.0,True,0.31250542195197273,0.0,0.0
1.0,1.0,1.0,True,0.7747321965766023,0.0,0.0
2.0,2.0,2.0,True,0.7758597197870607,0.0,0.0
3.0,3.0,3.0,True,0.592819512252027,0.0,0.0
1.0,1.0,1.0,True,0.9942336234010893,0.0,0.0
2.0,2.0,2.0,True,0.8009136990022707,0.0,0.0
1.0,1.0,1.0,True,0.8189998682560853,0.0,0.0
1.0,1.0,1.0,True,0.435872376221756,0.0,0.0
2.0,2.0,2.0,True,0.3716832886276853,0.0,0.0
3.0,2.0,2.0,False,0.3354435881501967,0.0,0.0
4.0,4.0,4.0,True,0.6026626409473197,0.0,0.0
5.0,5.0,5.0,True,0.46409687659515875,0.0,0.0
6.0,6.0,6.0,True,0.6558267892506979,0.0,0.0
1.0,1.0,1.0,True,0.9725165660639592,0.0,0.0
2.0,2.0,2.0,True,0.25687449715234445,0.0,0.0
3.0,3.0,3.0,True,0.6948628875240548,0.0,0.0
4.0,4.0,4.0,True,0.9485243365751739,0.0,0.0
5.0,5.0,5.0,True,0.778973587303561,0.0,0.0
1.0,1.0,1.0,True,0.2839253518420404,0.0,0.0
2.0,2.0,2.0,True,0.5892120289935816,0.0,0.0
3.0,3.0,3.0,True,0.900172804307461,0.0,0.0
4.0,4.0,4.0,True,0.7310939428438488,0.0,0.0
1.0,2.0,2.0,False,0.20089774371614455,0.0,0.0
2.0,2.0,2.0,True,0.17820386845488834,0.0,0.0
3.0,3.0,3.0,True,0.004971399262090337,0.0,0.0
1.0,1.0,1.0,True,0.9711268139516067,0.0,0.0
2.0,2.0,2.0,True,0.6661823153830166,0.0,0.0
1.0,1.0,1.0,True,0.6570757827951756,0.0,0.0
1.0,1.0,1.0,True,0.6078298286187263,0.0,0.0
2.0,2.0,2.0,True,0.11931036929042627,0.0,0.0
3.0,3.0,3.0,True,0.6015022834458819,0.0,0.0
1.0,1.0,1.0,True,0.5054631539937173,0.0,0.0
2.0,2.0,2.0,True,0.9262727227632395,0.0,0.0
1.0,1.0,1.0,True,0.3377498037409681,0.0,0.0
